SkincareID,Nama
1,Lightening Day Gel
2,ERHA 1 Facial Wash For Normal & Dry Skin
3,Scarlett Whitening & Hydrating Gel Mask
4,Pixy White Aqua Pore Cleanse Micellar Foam
5,Bija Trouble Facial Wash
6,AcneAct Gentle Acne Mosturizer
7,Peel Off Mask Lavender
8,Wonderskin Ultimate Cream
9,Light Complete White Speed Foam
10,Jelly Mask Cool
