,SkincareID,Nama,UserID,Cocok/Tidak,Rating
0,1,Lightening Day Gel,1,Cocok,3
1,1,Lightening Day Gel,2,Cocok,3
2,1,Lightening Day Gel,3,Tidak Cocok,2
3,1,Lightening Day Gel,4,Cocok,5
4,1,Lightening Day Gel,5,Tidak Cocok,2
5,1,Lightening Day Gel,6,Cocok,4
6,1,Lightening Day Gel,7,Cocok,3
7,1,Lightening Day Gel,8,Cocok,5
8,1,Lightening Day Gel,9,Tidak Cocok,2
9,1,Lightening Day Gel,10,Cocok,5
10,1,Lightening Day Gel,11,Tidak Cocok,2
11,1,Lightening Day Gel,12,Tidak Cocok,1
12,1,Lightening Day Gel,13,Cocok,3
13,1,Lightening Day Gel,14,Tidak Cocok,2
14,1,Lightening Day Gel,15,Cocok,5
15,1,Lightening Day Gel,16,Cocok,5
16,1,Lightening Day Gel,17,Cocok,4
17,1,Lightening Day Gel,18,Tidak Cocok,2
18,1,Lightening Day Gel,19,Tidak Cocok,1
19,1,Lightening Day Gel,20,Cocok,3
20,2,ERHA 1 Facial Wash For Normal & Dry Skin,1,Tidak Cocok,1
21,2,ERHA 1 Facial Wash For Normal & Dry Skin,2,Cocok,3
22,2,ERHA 1 Facial Wash For Normal & Dry Skin,3,Cocok,4
23,2,ERHA 1 Facial Wash For Normal & Dry Skin,4,Cocok,5
24,2,ERHA 1 Facial Wash For Normal & Dry Skin,5,Cocok,4
25,2,ERHA 1 Facial Wash For Normal & Dry Skin,6,Cocok,4
26,2,ERHA 1 Facial Wash For Normal & Dry Skin,7,Tidak Cocok,2
27,2,ERHA 1 Facial Wash For Normal & Dry Skin,8,Cocok,4
28,2,ERHA 1 Facial Wash For Normal & Dry Skin,9,Tidak Cocok,2
29,2,ERHA 1 Facial Wash For Normal & Dry Skin,10,Cocok,4
30,2,ERHA 1 Facial Wash For Normal & Dry Skin,11,Cocok,3
31,2,ERHA 1 Facial Wash For Normal & Dry Skin,12,Cocok,3
32,2,ERHA 1 Facial Wash For Normal & Dry Skin,13,Tidak Cocok,1
33,2,ERHA 1 Facial Wash For Normal & Dry Skin,14,Cocok,4
34,2,ERHA 1 Facial Wash For Normal & Dry Skin,15,Cocok,5
35,2,ERHA 1 Facial Wash For Normal & Dry Skin,16,Cocok,4
36,2,ERHA 1 Facial Wash For Normal & Dry Skin,17,Cocok,5
37,2,ERHA 1 Facial Wash For Normal & Dry Skin,18,Cocok,3
38,2,ERHA 1 Facial Wash For Normal & Dry Skin,19,Tidak Cocok,1
39,2,ERHA 1 Facial Wash For Normal & Dry Skin,20,Cocok,4
40,3,Scarlett Whitening & Hydrating Gel Mask,1,Tidak Cocok,2
41,3,Scarlett Whitening & Hydrating Gel Mask,2,Cocok,4
42,3,Scarlett Whitening & Hydrating Gel Mask,3,Cocok,5
43,3,Scarlett Whitening & Hydrating Gel Mask,4,Cocok,3
44,3,Scarlett Whitening & Hydrating Gel Mask,5,Cocok,4
45,3,Scarlett Whitening & Hydrating Gel Mask,6,Tidak Cocok,1
46,3,Scarlett Whitening & Hydrating Gel Mask,7,Tidak Cocok,2
47,3,Scarlett Whitening & Hydrating Gel Mask,8,Cocok,4
48,3,Scarlett Whitening & Hydrating Gel Mask,9,Tidak Cocok,2
49,3,Scarlett Whitening & Hydrating Gel Mask,10,Cocok,5
50,3,Scarlett Whitening & Hydrating Gel Mask,11,Cocok,4
51,3,Scarlett Whitening & Hydrating Gel Mask,12,Cocok,3
52,3,Scarlett Whitening & Hydrating Gel Mask,13,Tidak Cocok,2
53,3,Scarlett Whitening & Hydrating Gel Mask,14,Cocok,4
54,3,Scarlett Whitening & Hydrating Gel Mask,15,Cocok,5
55,3,Scarlett Whitening & Hydrating Gel Mask,16,Cocok,4
56,3,Scarlett Whitening & Hydrating Gel Mask,17,Cocok,3
57,3,Scarlett Whitening & Hydrating Gel Mask,18,Cocok,5
58,3,Scarlett Whitening & Hydrating Gel Mask,19,Tidak Cocok,2
59,3,Scarlett Whitening & Hydrating Gel Mask,20,Cocok,5
60,4,Pixy White Aqua Pore Cleanse Micellar Foam,1,Tidak Cocok,1
61,4,Pixy White Aqua Pore Cleanse Micellar Foam,2,Cocok,4
62,4,Pixy White Aqua Pore Cleanse Micellar Foam,3,Cocok,5
63,4,Pixy White Aqua Pore Cleanse Micellar Foam,4,Cocok,3
64,4,Pixy White Aqua Pore Cleanse Micellar Foam,5,Cocok,4
65,4,Pixy White Aqua Pore Cleanse Micellar Foam,6,Cocok,5
66,4,Pixy White Aqua Pore Cleanse Micellar Foam,7,Tidak Cocok,2
67,4,Pixy White Aqua Pore Cleanse Micellar Foam,8,Cocok,4
68,4,Pixy White Aqua Pore Cleanse Micellar Foam,9,Tidak Cocok,2
69,4,Pixy White Aqua Pore Cleanse Micellar Foam,10,Cocok,4
70,4,Pixy White Aqua Pore Cleanse Micellar Foam,11,Cocok,5
71,4,Pixy White Aqua Pore Cleanse Micellar Foam,12,Cocok,5
72,4,Pixy White Aqua Pore Cleanse Micellar Foam,13,Tidak Cocok,1
73,4,Pixy White Aqua Pore Cleanse Micellar Foam,14,Cocok,4
74,4,Pixy White Aqua Pore Cleanse Micellar Foam,15,Cocok,3
75,4,Pixy White Aqua Pore Cleanse Micellar Foam,16,Cocok,5
76,4,Pixy White Aqua Pore Cleanse Micellar Foam,17,Cocok,4
77,4,Pixy White Aqua Pore Cleanse Micellar Foam,18,Tidak Cocok,1
78,4,Pixy White Aqua Pore Cleanse Micellar Foam,19,Tidak Cocok,1
79,4,Pixy White Aqua Pore Cleanse Micellar Foam,20,Cocok,5
80,5,Bija Trouble Facial Wash,1,Cocok,4
81,5,Bija Trouble Facial Wash,2,Cocok,5
82,5,Bija Trouble Facial Wash,3,Cocok,5
83,5,Bija Trouble Facial Wash,4,Tidak Cocok,2
84,5,Bija Trouble Facial Wash,5,Tidak Cocok,2
85,5,Bija Trouble Facial Wash,6,Tidak Cocok,1
86,5,Bija Trouble Facial Wash,7,Cocok,4
87,5,Bija Trouble Facial Wash,8,Tidak Cocok,2
88,5,Bija Trouble Facial Wash,9,Cocok,3
89,5,Bija Trouble Facial Wash,10,Tidak Cocok,1
90,5,Bija Trouble Facial Wash,11,Cocok,4
91,5,Bija Trouble Facial Wash,12,Cocok,5
92,5,Bija Trouble Facial Wash,13,Cocok,4
93,5,Bija Trouble Facial Wash,14,Cocok,3
94,5,Bija Trouble Facial Wash,15,Tidak Cocok,2
95,5,Bija Trouble Facial Wash,16,Tidak Cocok,2
96,5,Bija Trouble Facial Wash,17,Cocok,4
97,5,Bija Trouble Facial Wash,18,Cocok,5
98,5,Bija Trouble Facial Wash,19,Cocok,4
99,5,Bija Trouble Facial Wash,20,Cocok,5
100,6,AcneAct Gentle Acne Mosturizer,1,Cocok,4
101,6,AcneAct Gentle Acne Mosturizer,2,Tidak Cocok,2
102,6,AcneAct Gentle Acne Mosturizer,3,Cocok,4
103,6,AcneAct Gentle Acne Mosturizer,4,Cocok,5
104,6,AcneAct Gentle Acne Mosturizer,5,Cocok,5
105,6,AcneAct Gentle Acne Mosturizer,6,Tidak Cocok,2
106,6,AcneAct Gentle Acne Mosturizer,7,Cocok,4
107,6,AcneAct Gentle Acne Mosturizer,8,Cocok,5
108,6,AcneAct Gentle Acne Mosturizer,9,Cocok,4
109,6,AcneAct Gentle Acne Mosturizer,10,Cocok,5
110,6,AcneAct Gentle Acne Mosturizer,11,Cocok,3
111,6,AcneAct Gentle Acne Mosturizer,12,Tidak Cocok,1
112,6,AcneAct Gentle Acne Mosturizer,13,Cocok,4
113,6,AcneAct Gentle Acne Mosturizer,14,Cocok,5
114,6,AcneAct Gentle Acne Mosturizer,15,Cocok,4
115,6,AcneAct Gentle Acne Mosturizer,16,Cocok,5
116,6,AcneAct Gentle Acne Mosturizer,17,Cocok,5
117,6,AcneAct Gentle Acne Mosturizer,18,Tidak Cocok,1
118,6,AcneAct Gentle Acne Mosturizer,19,Cocok,3
119,6,AcneAct Gentle Acne Mosturizer,20,Cocok,3
120,7,Peel Off Mask Lavender,1,Cocok,4
121,7,Peel Off Mask Lavender,2,Cocok,4
122,7,Peel Off Mask Lavender,3,Tidak Cocok,2
123,7,Peel Off Mask Lavender,4,Cocok,5
124,7,Peel Off Mask Lavender,5,Tidak Cocok,2
125,7,Peel Off Mask Lavender,6,Tidak Cocok,2
126,7,Peel Off Mask Lavender,7,Cocok,5
127,7,Peel Off Mask Lavender,8,Cocok,5
128,7,Peel Off Mask Lavender,9,Cocok,4
129,7,Peel Off Mask Lavender,10,Cocok,4
130,7,Peel Off Mask Lavender,11,Tidak Cocok,2
131,7,Peel Off Mask Lavender,12,Cocok,5
132,7,Peel Off Mask Lavender,13,Tidak Cocok,1
133,7,Peel Off Mask Lavender,14,Cocok,5
134,7,Peel Off Mask Lavender,15,Cocok,4
135,7,Peel Off Mask Lavender,16,Tidak Cocok,2
136,7,Peel Off Mask Lavender,17,Tidak Cocok,2
137,7,Peel Off Mask Lavender,18,Tidak Cocok,1
138,7,Peel Off Mask Lavender,19,Cocok,5
139,7,Peel Off Mask Lavender,20,Tidak Cocok,3
140,8,Wonderskin Ultimate Cream,1,Tidak Cocok,1
141,8,Wonderskin Ultimate Cream,2,Cocok,3
142,8,Wonderskin Ultimate Cream,3,Cocok,4
143,8,Wonderskin Ultimate Cream,4,Cocok,4
144,8,Wonderskin Ultimate Cream,5,Tidak Cocok,2
145,8,Wonderskin Ultimate Cream,6,Cocok,5
146,8,Wonderskin Ultimate Cream,7,Cocok,5
147,8,Wonderskin Ultimate Cream,8,Cocok,5
148,8,Wonderskin Ultimate Cream,9,Cocok,4
149,8,Wonderskin Ultimate Cream,10,Cocok,4
150,8,Wonderskin Ultimate Cream,11,Tidak Cocok,2
151,8,Wonderskin Ultimate Cream,12,Tidak Cocok,2
152,8,Wonderskin Ultimate Cream,13,Tidak Cocok,1
153,8,Wonderskin Ultimate Cream,14,Cocok,4
154,8,Wonderskin Ultimate Cream,15,Cocok,3
155,8,Wonderskin Ultimate Cream,16,Cocok,4
156,8,Wonderskin Ultimate Cream,17,Cocok,3
157,8,Wonderskin Ultimate Cream,18,Cocok,4
158,8,Wonderskin Ultimate Cream,19,Tidak Cocok,2
159,8,Wonderskin Ultimate Cream,20,Tidak Cocok,2
160,9,Light Complete White Speed Foam,1,Tidak Cocok,1
161,9,Light Complete White Speed Foam,2,Cocok,3
162,9,Light Complete White Speed Foam,3,Cocok,4
163,9,Light Complete White Speed Foam,4,Cocok,4
164,9,Light Complete White Speed Foam,5,Cocok,5
165,9,Light Complete White Speed Foam,6,Tidak Cocok,2
166,9,Light Complete White Speed Foam,7,Tidak Cocok,2
167,9,Light Complete White Speed Foam,8,Cocok,4
168,9,Light Complete White Speed Foam,9,Tidak Cocok,2
169,9,Light Complete White Speed Foam,10,Cocok,4
170,9,Light Complete White Speed Foam,11,Cocok,4
171,9,Light Complete White Speed Foam,12,Tidak Cocok,2
172,9,Light Complete White Speed Foam,13,Tidak Cocok,2
173,9,Light Complete White Speed Foam,14,Cocok,5
174,9,Light Complete White Speed Foam,15,Cocok,5
175,9,Light Complete White Speed Foam,16,Cocok,5
176,9,Light Complete White Speed Foam,17,Tidak Cocok,2
177,9,Light Complete White Speed Foam,18,Tidak Cocok,1
178,9,Light Complete White Speed Foam,19,Tidak Cocok,1
179,9,Light Complete White Speed Foam,20,Cocok,4
180,10,Jelly Mask Cool,1,Tidak Cocok,2
181,10,Jelly Mask Cool,2,Tidak Cocok,2
182,10,Jelly Mask Cool,3,Cocok,3
183,10,Jelly Mask Cool,4,Cocok,4
184,10,Jelly Mask Cool,5,Cocok,3
185,10,Jelly Mask Cool,6,Cocok,4
186,10,Jelly Mask Cool,7,Tidak Cocok,2
187,10,Jelly Mask Cool,8,Cocok,5
188,10,Jelly Mask Cool,9,Cocok,4
189,10,Jelly Mask Cool,10,Cocok,5
190,10,Jelly Mask Cool,11,Cocok,4
191,10,Jelly Mask Cool,12,Tidak Cocok,2
192,10,Jelly Mask Cool,13,Tidak Cocok,3
193,10,Jelly Mask Cool,14,Cocok,4
194,10,Jelly Mask Cool,15,Cocok,4
195,10,Jelly Mask Cool,16,Cocok,5
196,10,Jelly Mask Cool,17,Tidak Cocok,2
197,10,Jelly Mask Cool,18,Cocok,5
198,10,Jelly Mask Cool,19,Tidak Cocok,2
199,10,Jelly Mask Cool,20,Cocok,4
